{"pages":["arial.png"],"chars":[{"id":1092,"index":622,"char":"ф","width":35,"height":42,"xoffset":0,"yoffset":3,"xadvance":35,"chnl":15,"x":0,"y":0,"page":0},{"id":1062,"index":592,"char":"Ц","width":30,"height":42,"xoffset":1,"yoffset":3,"xadvance":31,"chnl":15,"x":0,"y":43,"page":0},{"id":1065,"index":595,"char":"Щ","width":39,"height":42,"xoffset":1,"yoffset":3,"xadvance":39,"chnl":15,"x":0,"y":86,"page":0},{"id":1046,"index":576,"char":"Ж","width":42,"height":34,"xoffset":-2,"yoffset":3,"xadvance":39,"chnl":15,"x":31,"y":43,"page":0},{"id":1049,"index":579,"char":"Й","width":28,"height":41,"xoffset":1,"yoffset":-4,"xadvance":30,"chnl":15,"x":36,"y":0,"page":0},{"id":1044,"index":574,"char":"Д","width":31,"height":41,"xoffset":-2,"yoffset":3,"xadvance":28,"chnl":15,"x":65,"y":0,"page":0},{"id":1070,"index":600,"char":"Ю","width":41,"height":35,"xoffset":1,"yoffset":2,"xadvance":42,"chnl":15,"x":0,"y":129,"page":0},{"id":1031,"index":562,"char":"Ї","width":16,"height":40,"xoffset":-2,"yoffset":-3,"xadvance":12,"chnl":15,"x":40,"y":78,"page":0},{"id":1064,"index":594,"char":"Ш","width":36,"height":34,"xoffset":1,"yoffset":3,"xadvance":38,"chnl":15,"x":0,"y":165,"page":0},{"id":1091,"index":621,"char":"у","width":24,"height":35,"xoffset":-1,"yoffset":11,"xadvance":21,"chnl":15,"x":0,"y":200,"page":0},{"id":1088,"index":618,"char":"р","width":23,"height":35,"xoffset":1,"yoffset":11,"xadvance":23,"chnl":15,"x":0,"y":236,"page":0},{"id":1073,"index":603,"char":"б","width":25,"height":35,"xoffset":0,"yoffset":2,"xadvance":24,"chnl":15,"x":0,"y":272,"page":0},{"id":1047,"index":577,"char":"З","width":26,"height":35,"xoffset":0,"yoffset":2,"xadvance":25,"chnl":15,"x":24,"y":236,"page":0},{"id":1054,"index":584,"char":"О","width":33,"height":35,"xoffset":0,"yoffset":2,"xadvance":33,"chnl":15,"x":25,"y":200,"page":0},{"id":1051,"index":581,"char":"Л","width":28,"height":35,"xoffset":-2,"yoffset":3,"xadvance":28,"chnl":15,"x":42,"y":119,"page":0},{"id":1028,"index":559,"char":"Є","width":30,"height":35,"xoffset":0,"yoffset":2,"xadvance":30,"chnl":15,"x":57,"y":78,"page":0},{"id":1057,"index":587,"char":"С","width":31,"height":35,"xoffset":0,"yoffset":2,"xadvance":30,"chnl":15,"x":74,"y":42,"page":0},{"id":1081,"index":611,"char":"й","width":22,"height":34,"xoffset":1,"yoffset":3,"xadvance":23,"chnl":15,"x":37,"y":165,"page":0},{"id":1097,"index":627,"char":"щ","width":34,"height":32,"xoffset":1,"yoffset":11,"xadvance":35,"chnl":15,"x":97,"y":0,"page":0},{"id":1111,"index":640,"char":"ї","width":16,"height":34,"xoffset":-2,"yoffset":3,"xadvance":12,"chnl":15,"x":0,"y":308,"page":0},{"id":1110,"index":639,"char":"і","width":8,"height":34,"xoffset":1,"yoffset":3,"xadvance":9,"chnl":15,"x":0,"y":343,"page":0},{"id":1059,"index":589,"char":"У","width":30,"height":34,"xoffset":-2,"yoffset":3,"xadvance":27,"chnl":15,"x":0,"y":378,"page":0},{"id":1050,"index":580,"char":"К","width":25,"height":34,"xoffset":1,"yoffset":3,"xadvance":24,"chnl":15,"x":9,"y":343,"page":0},{"id":1045,"index":575,"char":"Е","width":26,"height":34,"xoffset":1,"yoffset":3,"xadvance":28,"chnl":15,"x":17,"y":308,"page":0},{"id":1053,"index":583,"char":"Н","width":28,"height":34,"xoffset":1,"yoffset":3,"xadvance":30,"chnl":15,"x":26,"y":272,"page":0},{"id":1043,"index":573,"char":"Г","width":23,"height":34,"xoffset":1,"yoffset":3,"xadvance":23,"chnl":15,"x":51,"y":236,"page":0},{"id":1061,"index":591,"char":"Х","width":32,"height":34,"xoffset":-2,"yoffset":3,"xadvance":28,"chnl":15,"x":59,"y":200,"page":0},{"id":1060,"index":590,"char":"Ф","width":33,"height":34,"xoffset":0,"yoffset":3,"xadvance":32,"chnl":15,"x":60,"y":155,"page":0},{"id":1030,"index":561,"char":"І","width":8,"height":34,"xoffset":2,"yoffset":3,"xadvance":12,"chnl":15,"x":71,"y":114,"page":0},{"id":1042,"index":572,"char":"В","width":27,"height":34,"xoffset":1,"yoffset":3,"xadvance":28,"chnl":15,"x":80,"y":114,"page":0},{"id":1040,"index":570,"char":"А","width":32,"height":34,"xoffset":-2,"yoffset":3,"xadvance":28,"chnl":15,"x":88,"y":78,"page":0},{"id":1055,"index":585,"char":"П","width":28,"height":34,"xoffset":1,"yoffset":3,"xadvance":30,"chnl":15,"x":106,"y":33,"page":0},{"id":1056,"index":586,"char":"Р","width":27,"height":34,"xoffset":1,"yoffset":3,"xadvance":28,"chnl":15,"x":0,"y":413,"page":0},{"id":1071,"index":601,"char":"Я","width":30,"height":34,"xoffset":-1,"yoffset":3,"xadvance":30,"chnl":15,"x":0,"y":448,"page":0},{"id":1063,"index":593,"char":"Ч","width":27,"height":34,"xoffset":0,"yoffset":3,"xadvance":28,"chnl":15,"x":28,"y":413,"page":0},{"id":1052,"index":582,"char":"М","width":33,"height":34,"xoffset":1,"yoffset":3,"xadvance":35,"chnl":15,"x":31,"y":378,"page":0},{"id":1048,"index":578,"char":"И","width":28,"height":34,"xoffset":1,"yoffset":3,"xadvance":30,"chnl":15,"x":35,"y":343,"page":0},{"id":1058,"index":588,"char":"Т","width":28,"height":34,"xoffset":-1,"yoffset":3,"xadvance":26,"chnl":15,"x":44,"y":307,"page":0},{"id":1068,"index":598,"char":"Ь","width":27,"height":34,"xoffset":1,"yoffset":3,"xadvance":28,"chnl":15,"x":55,"y":271,"page":0},{"id":1041,"index":571,"char":"Б","width":27,"height":34,"xoffset":1,"yoffset":3,"xadvance":28,"chnl":15,"x":64,"y":342,"page":0},{"id":1094,"index":624,"char":"ц","width":24,"height":32,"xoffset":1,"yoffset":11,"xadvance":24,"chnl":15,"x":132,"y":0,"page":0},{"id":1096,"index":626,"char":"ш","width":32,"height":26,"xoffset":1,"yoffset":11,"xadvance":34,"chnl":15,"x":75,"y":235,"page":0},{"id":1076,"index":606,"char":"д","width":27,"height":32,"xoffset":-2,"yoffset":11,"xadvance":25,"chnl":15,"x":73,"y":306,"page":0},{"id":1078,"index":608,"char":"ж","width":32,"height":26,"xoffset":-2,"yoffset":11,"xadvance":28,"chnl":15,"x":83,"y":262,"page":0},{"id":1102,"index":632,"char":"ю","width":31,"height":27,"xoffset":1,"yoffset":11,"xadvance":32,"chnl":15,"x":92,"y":190,"page":0},{"id":1077,"index":607,"char":"е","width":24,"height":27,"xoffset":0,"yoffset":11,"xadvance":23,"chnl":15,"x":94,"y":149,"page":0},{"id":1079,"index":609,"char":"з","width":21,"height":27,"xoffset":-1,"yoffset":11,"xadvance":19,"chnl":15,"x":108,"y":113,"page":0},{"id":1072,"index":602,"char":"а","width":24,"height":27,"xoffset":0,"yoffset":11,"xadvance":23,"chnl":15,"x":108,"y":218,"page":0},{"id":1086,"index":616,"char":"о","width":24,"height":27,"xoffset":-1,"yoffset":11,"xadvance":23,"chnl":15,"x":121,"y":68,"page":0},{"id":1108,"index":637,"char":"є","width":23,"height":27,"xoffset":0,"yoffset":11,"xadvance":21,"chnl":15,"x":135,"y":33,"page":0},{"id":1089,"index":619,"char":"с","width":23,"height":27,"xoffset":0,"yoffset":11,"xadvance":21,"chnl":15,"x":157,"y":0,"page":0},{"id":1084,"index":614,"char":"м","width":27,"height":26,"xoffset":1,"yoffset":11,"xadvance":29,"chnl":15,"x":119,"y":141,"page":0},{"id":1082,"index":612,"char":"к","width":20,"height":26,"xoffset":1,"yoffset":11,"xadvance":18,"chnl":15,"x":130,"y":96,"page":0},{"id":1085,"index":615,"char":"н","width":22,"height":26,"xoffset":1,"yoffset":11,"xadvance":23,"chnl":15,"x":146,"y":61,"page":0},{"id":1075,"index":605,"char":"г","width":17,"height":26,"xoffset":1,"yoffset":11,"xadvance":15,"chnl":15,"x":159,"y":28,"page":0},{"id":1093,"index":623,"char":"х","width":24,"height":26,"xoffset":-2,"yoffset":11,"xadvance":21,"chnl":15,"x":124,"y":168,"page":0},{"id":1074,"index":604,"char":"в","width":22,"height":26,"xoffset":1,"yoffset":11,"xadvance":22,"chnl":15,"x":147,"y":123,"page":0},{"id":1087,"index":617,"char":"п","width":21,"height":26,"xoffset":1,"yoffset":11,"xadvance":23,"chnl":15,"x":151,"y":88,"page":0},{"id":1083,"index":613,"char":"л","width":25,"height":26,"xoffset":-2,"yoffset":11,"xadvance":25,"chnl":15,"x":169,"y":55,"page":0},{"id":1103,"index":633,"char":"я","width":23,"height":26,"xoffset":-1,"yoffset":11,"xadvance":23,"chnl":15,"x":177,"y":28,"page":0},{"id":1095,"index":625,"char":"ч","width":22,"height":26,"xoffset":-1,"yoffset":11,"xadvance":22,"chnl":15,"x":181,"y":0,"page":0},{"id":1080,"index":610,"char":"и","width":22,"height":26,"xoffset":1,"yoffset":11,"xadvance":23,"chnl":15,"x":0,"y":483,"page":0},{"id":1090,"index":620,"char":"т","width":22,"height":26,"xoffset":-1,"yoffset":11,"xadvance":19,"chnl":15,"x":0,"y":510,"page":0},{"id":1100,"index":630,"char":"ь","width":22,"height":26,"xoffset":1,"yoffset":11,"xadvance":22,"chnl":15,"x":0,"y":537,"page":0},{"id":32,"index":3,"char":" ","width":0,"height":0,"xoffset":-2,"yoffset":33,"xadvance":12,"chnl":15,"x":36,"y":42,"page":0}],"info":{"face":"arial","size":42,"bold":0,"italic":0,"charset":["й","ц","у","к","е","н","г","ш","щ","з","х","ї","ф","і","в","а","п","р","о","л","д","ж","є","я","ч","с","м","и","т","ь","б","ю","Й","Ц","У","К","Е","Н","Г","Ш","Щ","З","Х","Ї","Ф","І","В","А","П","Р","О","Л","Д","Ж","Є","Я","Ч","С","М","И","Т","Ь","Б","Ю"," "],"unicode":1,"stretchH":100,"smooth":1,"aa":1,"padding":[2,2,2,2],"spacing":[0,0]},"common":{"lineHeight":46,"base":33,"scaleW":1024,"scaleH":1024,"pages":1,"packed":0,"alphaChnl":0,"redChnl":0,"greenChnl":0,"blueChnl":0},"distanceField":{"fieldType":"msdf","distanceRange":4},"kernings":[{"first":1094,"second":1077,"amount":0},{"first":1094,"second":1079,"amount":0},{"first":1094,"second":1086,"amount":0},{"first":1094,"second":1089,"amount":0},{"first":1091,"second":1077,"amount":0},{"first":1091,"second":1092,"amount":0},{"first":1091,"second":1072,"amount":0},{"first":1091,"second":1088,"amount":0},{"first":1091,"second":1086,"amount":-1},{"first":1091,"second":1083,"amount":-1},{"first":1091,"second":1076,"amount":-1},{"first":1091,"second":1078,"amount":0},{"first":1091,"second":1103,"amount":0},{"first":1091,"second":1089,"amount":0},{"first":1091,"second":1084,"amount":0},{"first":1091,"second":1073,"amount":0},{"first":1082,"second":1091,"amount":0},{"first":1082,"second":1077,"amount":0},{"first":1082,"second":1079,"amount":0},{"first":1082,"second":1072,"amount":1},{"first":1082,"second":1086,"amount":0},{"first":1082,"second":1083,"amount":0},{"first":1082,"second":1089,"amount":0},{"first":1082,"second":1090,"amount":0},{"first":1082,"second":1073,"amount":1},{"first":1077,"second":1091,"amount":0},{"first":1077,"second":1079,"amount":-1},{"first":1077,"second":1093,"amount":-1},{"first":1077,"second":1083,"amount":-1},{"first":1077,"second":1076,"amount":-1},{"first":1077,"second":1078,"amount":0},{"first":1077,"second":1095,"amount":-1},{"first":1077,"second":1090,"amount":-1},{"first":1077,"second":1073,"amount":0},{"first":1075,"second":1077,"amount":-1},{"first":1075,"second":1079,"amount":0},{"first":1075,"second":1072,"amount":-1},{"first":1075,"second":1086,"amount":-1},{"first":1075,"second":1083,"amount":-1},{"first":1075,"second":1076,"amount":-2},{"first":1075,"second":1103,"amount":0},{"first":1075,"second":1089,"amount":-1},{"first":1097,"second":1091,"amount":0},{"first":1097,"second":1077,"amount":0},{"first":1097,"second":1086,"amount":0},{"first":1079,"second":1091,"amount":0},{"first":1079,"second":1077,"amount":0},{"first":1079,"second":1079,"amount":0},{"first":1079,"second":1092,"amount":0},{"first":1079,"second":1086,"amount":0},{"first":1079,"second":1083,"amount":0},{"first":1079,"second":1076,"amount":-1},{"first":1079,"second":1095,"amount":-1},{"first":1079,"second":1089,"amount":0},{"first":1079,"second":1073,"amount":0},{"first":1093,"second":1077,"amount":0},{"first":1093,"second":1079,"amount":0},{"first":1093,"second":1092,"amount":0},{"first":1093,"second":1072,"amount":0},{"first":1093,"second":1086,"amount":0},{"first":1093,"second":1095,"amount":-1},{"first":1093,"second":1089,"amount":0},{"first":1093,"second":1090,"amount":0},{"first":1093,"second":1073,"amount":0},{"first":1092,"second":1091,"amount":0},{"first":1092,"second":1083,"amount":-1},{"first":1092,"second":1076,"amount":-1},{"first":1092,"second":1103,"amount":0},{"first":1092,"second":1095,"amount":-1},{"first":1092,"second":1090,"amount":-1},{"first":1092,"second":1073,"amount":0},{"first":1074,"second":1091,"amount":-1},{"first":1074,"second":1077,"amount":0},{"first":1074,"second":1079,"amount":0},{"first":1074,"second":1092,"amount":0},{"first":1074,"second":1072,"amount":0},{"first":1074,"second":1086,"amount":0},{"first":1074,"second":1083,"amount":-1},{"first":1074,"second":1076,"amount":0},{"first":1074,"second":1078,"amount":0},{"first":1074,"second":1103,"amount":0},{"first":1074,"second":1095,"amount":-2},{"first":1074,"second":1089,"amount":0},{"first":1074,"second":1084,"amount":0},{"first":1074,"second":1090,"amount":-1},{"first":1074,"second":1073,"amount":0},{"first":1072,"second":1091,"amount":0},{"first":1072,"second":1079,"amount":0},{"first":1072,"second":1095,"amount":-1},{"first":1072,"second":1090,"amount":-1},{"first":1088,"second":1091,"amount":0},{"first":1088,"second":1079,"amount":0},{"first":1088,"second":1093,"amount":0},{"first":1088,"second":1083,"amount":-1},{"first":1088,"second":1076,"amount":-1},{"first":1088,"second":1103,"amount":0},{"first":1088,"second":1095,"amount":-1},{"first":1088,"second":1090,"amount":-1},{"first":1086,"second":1091,"amount":0},{"first":1086,"second":1079,"amount":0},{"first":1086,"second":1093,"amount":0},{"first":1086,"second":1083,"amount":-1},{"first":1086,"second":1076,"amount":-1},{"first":1086,"second":1078,"amount":0},{"first":1086,"second":1095,"amount":-1},{"first":1086,"second":1090,"amount":-1},{"first":1083,"second":1086,"amount":0},{"first":1083,"second":1095,"amount":-1},{"first":1078,"second":1091,"amount":0},{"first":1078,"second":1095,"amount":0},{"first":1078,"second":1073,"amount":0},{"first":1089,"second":1086,"amount":0},{"first":1089,"second":1078,"amount":0},{"first":1089,"second":1095,"amount":0},{"first":1084,"second":1091,"amount":0},{"first":1084,"second":1079,"amount":0},{"first":1084,"second":1073,"amount":0},{"first":1090,"second":1091,"amount":0},{"first":1090,"second":1077,"amount":0},{"first":1090,"second":1072,"amount":0},{"first":1090,"second":1086,"amount":0},{"first":1090,"second":1083,"amount":-1},{"first":1090,"second":1076,"amount":-1},{"first":1090,"second":1078,"amount":1},{"first":1090,"second":1089,"amount":0},{"first":1100,"second":1095,"amount":-3},{"first":1100,"second":1090,"amount":-3},{"first":1073,"second":1091,"amount":-1},{"first":1073,"second":1077,"amount":0},{"first":1073,"second":1079,"amount":-1},{"first":1073,"second":1093,"amount":-1},{"first":1073,"second":1092,"amount":0},{"first":1073,"second":1072,"amount":-1},{"first":1073,"second":1083,"amount":-2},{"first":1073,"second":1076,"amount":-2},{"first":1073,"second":1078,"amount":0},{"first":1073,"second":1103,"amount":-1},{"first":1073,"second":1095,"amount":-1},{"first":1073,"second":1089,"amount":0},{"first":1073,"second":1084,"amount":-1},{"first":1102,"second":1093,"amount":0},{"first":1102,"second":1083,"amount":-1},{"first":1102,"second":1076,"amount":-1},{"first":1102,"second":1078,"amount":0},{"first":1102,"second":1095,"amount":-1},{"first":1102,"second":1084,"amount":0},{"first":1102,"second":1090,"amount":-1},{"first":1062,"second":1072,"amount":1},{"first":1062,"second":1054,"amount":-1},{"first":1059,"second":1081,"amount":-1},{"first":1059,"second":1094,"amount":-2},{"first":1059,"second":1082,"amount":-2},{"first":1059,"second":1077,"amount":-3},{"first":1059,"second":1085,"amount":-2},{"first":1059,"second":1075,"amount":-2},{"first":1059,"second":1096,"amount":-2},{"first":1059,"second":1097,"amount":-2},{"first":1059,"second":1079,"amount":-2},{"first":1059,"second":1093,"amount":-2},{"first":1059,"second":1074,"amount":-2},{"first":1059,"second":1087,"amount":-2},{"first":1059,"second":1088,"amount":-2},{"first":1059,"second":1086,"amount":-3},{"first":1059,"second":1083,"amount":-3},{"first":1059,"second":1076,"amount":-3},{"first":1059,"second":1078,"amount":-1},{"first":1059,"second":1103,"amount":-3},{"first":1059,"second":1089,"amount":-3},{"first":1059,"second":1084,"amount":-2},{"first":1059,"second":1080,"amount":-2},{"first":1059,"second":1073,"amount":-1},{"first":1059,"second":1102,"amount":-2},{"first":1059,"second":1047,"amount":-1},{"first":1059,"second":1060,"amount":-1},{"first":1059,"second":1040,"amount":-3},{"first":1059,"second":1054,"amount":-1},{"first":1059,"second":1051,"amount":-1},{"first":1059,"second":1044,"amount":-2},{"first":1059,"second":1071,"amount":-1},{"first":1050,"second":1059,"amount":0},{"first":1050,"second":1047,"amount":0},{"first":1050,"second":1060,"amount":-1},{"first":1050,"second":1054,"amount":0},{"first":1050,"second":1057,"amount":0},{"first":1045,"second":1089,"amount":0},{"first":1045,"second":1047,"amount":-1},{"first":1043,"second":1091,"amount":-3},{"first":1043,"second":1077,"amount":-3},{"first":1043,"second":1085,"amount":-2},{"first":1043,"second":1074,"amount":-2},{"first":1043,"second":1072,"amount":-2},{"first":1043,"second":1088,"amount":-2},{"first":1043,"second":1086,"amount":-3},{"first":1043,"second":1083,"amount":-2},{"first":1043,"second":1076,"amount":-3},{"first":1043,"second":1103,"amount":-3},{"first":1043,"second":1084,"amount":-2},{"first":1043,"second":1080,"amount":-2},{"first":1043,"second":1100,"amount":-2},{"first":1043,"second":1102,"amount":-2},{"first":1043,"second":1047,"amount":-1},{"first":1043,"second":1040,"amount":-3},{"first":1043,"second":1054,"amount":-2},{"first":1043,"second":1051,"amount":-2},{"first":1043,"second":1044,"amount":-3},{"first":1043,"second":1071,"amount":-1},{"first":1043,"second":1057,"amount":-2},{"first":1043,"second":1052,"amount":-1},{"first":1065,"second":1091,"amount":1},{"first":1065,"second":1072,"amount":0},{"first":1047,"second":1059,"amount":0},{"first":1047,"second":1060,"amount":0},{"first":1047,"second":1054,"amount":0},{"first":1047,"second":1051,"amount":0},{"first":1047,"second":1071,"amount":0},{"first":1047,"second":1063,"amount":-1},{"first":1047,"second":1057,"amount":0},{"first":1047,"second":1058,"amount":-1},{"first":1061,"second":1091,"amount":-1},{"first":1061,"second":1086,"amount":0},{"first":1061,"second":1047,"amount":-1},{"first":1061,"second":1060,"amount":-1},{"first":1061,"second":1054,"amount":-1},{"first":1061,"second":1057,"amount":-1},{"first":1060,"second":1083,"amount":-1},{"first":1060,"second":1059,"amount":-2},{"first":1060,"second":1040,"amount":-1},{"first":1060,"second":1051,"amount":-1},{"first":1060,"second":1044,"amount":-1},{"first":1060,"second":1071,"amount":-1},{"first":1060,"second":1063,"amount":-1},{"first":1060,"second":1058,"amount":-2},{"first":1042,"second":1091,"amount":0},{"first":1042,"second":1093,"amount":0},{"first":1042,"second":1076,"amount":0},{"first":1042,"second":1103,"amount":0},{"first":1042,"second":1095,"amount":-1},{"first":1042,"second":1084,"amount":0},{"first":1042,"second":1090,"amount":-1},{"first":1042,"second":1059,"amount":-1},{"first":1042,"second":1047,"amount":-1},{"first":1042,"second":1061,"amount":-2},{"first":1042,"second":1060,"amount":-1},{"first":1042,"second":1040,"amount":-1},{"first":1042,"second":1054,"amount":-1},{"first":1042,"second":1051,"amount":0},{"first":1042,"second":1044,"amount":-1},{"first":1042,"second":1046,"amount":-1},{"first":1042,"second":1071,"amount":-1},{"first":1042,"second":1063,"amount":-2},{"first":1042,"second":1057,"amount":-1},{"first":1042,"second":1058,"amount":-3},{"first":1040,"second":1091,"amount":0},{"first":1040,"second":1092,"amount":0},{"first":1040,"second":1072,"amount":0},{"first":1040,"second":1090,"amount":-1},{"first":1040,"second":1059,"amount":-2},{"first":1040,"second":1047,"amount":0},{"first":1040,"second":1060,"amount":-1},{"first":1040,"second":1055,"amount":0},{"first":1040,"second":1054,"amount":-1},{"first":1040,"second":1051,"amount":1},{"first":1040,"second":1044,"amount":1},{"first":1040,"second":1063,"amount":-3},{"first":1040,"second":1057,"amount":-1},{"first":1040,"second":1058,"amount":-3},{"first":1056,"second":1077,"amount":-2},{"first":1056,"second":1072,"amount":-1},{"first":1056,"second":1086,"amount":-2},{"first":1056,"second":1076,"amount":-3},{"first":1056,"second":1103,"amount":-1},{"first":1056,"second":1059,"amount":-1},{"first":1056,"second":1047,"amount":-1},{"first":1056,"second":1061,"amount":-2},{"first":1056,"second":1060,"amount":0},{"first":1056,"second":1040,"amount":-3},{"first":1056,"second":1054,"amount":-1},{"first":1056,"second":1051,"amount":-2},{"first":1056,"second":1044,"amount":-3},{"first":1056,"second":1046,"amount":0},{"first":1056,"second":1071,"amount":-1},{"first":1056,"second":1057,"amount":0},{"first":1056,"second":1052,"amount":0},{"first":1056,"second":1058,"amount":-2},{"first":1054,"second":1093,"amount":0},{"first":1054,"second":1083,"amount":0},{"first":1054,"second":1076,"amount":-1},{"first":1054,"second":1059,"amount":-1},{"first":1054,"second":1061,"amount":-2},{"first":1054,"second":1040,"amount":-1},{"first":1054,"second":1051,"amount":0},{"first":1054,"second":1044,"amount":-1},{"first":1054,"second":1046,"amount":-1},{"first":1054,"second":1071,"amount":-1},{"first":1054,"second":1063,"amount":-1},{"first":1051,"second":1091,"amount":0},{"first":1051,"second":1073,"amount":0},{"first":1051,"second":1060,"amount":0},{"first":1044,"second":1091,"amount":1},{"first":1044,"second":1079,"amount":1},{"first":1044,"second":1086,"amount":0},{"first":1044,"second":1059,"amount":0},{"first":1044,"second":1060,"amount":-1},{"first":1044,"second":1063,"amount":-1},{"first":1046,"second":1091,"amount":0},{"first":1046,"second":1077,"amount":-1},{"first":1046,"second":1072,"amount":0},{"first":1046,"second":1086,"amount":0},{"first":1046,"second":1059,"amount":1},{"first":1046,"second":1047,"amount":0},{"first":1046,"second":1054,"amount":-1},{"first":1046,"second":1057,"amount":0},{"first":1046,"second":1058,"amount":0},{"first":1057,"second":1072,"amount":0},{"first":1057,"second":1078,"amount":1},{"first":1057,"second":1095,"amount":0},{"first":1057,"second":1059,"amount":-1},{"first":1057,"second":1047,"amount":0},{"first":1057,"second":1061,"amount":-2},{"first":1057,"second":1040,"amount":-1},{"first":1057,"second":1054,"amount":-1},{"first":1057,"second":1051,"amount":-1},{"first":1057,"second":1044,"amount":-1},{"first":1057,"second":1063,"amount":-1},{"first":1057,"second":1052,"amount":0},{"first":1057,"second":1058,"amount":-1},{"first":1052,"second":1091,"amount":0},{"first":1052,"second":1077,"amount":0},{"first":1052,"second":1072,"amount":0},{"first":1052,"second":1086,"amount":0},{"first":1052,"second":1095,"amount":0},{"first":1052,"second":1089,"amount":0},{"first":1052,"second":1060,"amount":0},{"first":1052,"second":1063,"amount":0},{"first":1058,"second":1091,"amount":-2},{"first":1058,"second":1082,"amount":-2},{"first":1058,"second":1077,"amount":-2},{"first":1058,"second":1097,"amount":-2},{"first":1058,"second":1093,"amount":-2},{"first":1058,"second":1074,"amount":-2},{"first":1058,"second":1072,"amount":-2},{"first":1058,"second":1087,"amount":-2},{"first":1058,"second":1088,"amount":-2},{"first":1058,"second":1086,"amount":-3},{"first":1058,"second":1083,"amount":-2},{"first":1058,"second":1103,"amount":-2},{"first":1058,"second":1089,"amount":-2},{"first":1058,"second":1084,"amount":-2},{"first":1058,"second":1080,"amount":-2},{"first":1058,"second":1100,"amount":-2},{"first":1058,"second":1102,"amount":-2},{"first":1058,"second":1047,"amount":0},{"first":1058,"second":1060,"amount":-1},{"first":1058,"second":1040,"amount":-1},{"first":1058,"second":1054,"amount":-2},{"first":1058,"second":1051,"amount":-1},{"first":1058,"second":1044,"amount":-1},{"first":1058,"second":1046,"amount":0},{"first":1058,"second":1071,"amount":-1},{"first":1068,"second":1047,"amount":0},{"first":1068,"second":1061,"amount":-2},{"first":1068,"second":1040,"amount":-1},{"first":1068,"second":1054,"amount":-1},{"first":1068,"second":1051,"amount":-1},{"first":1068,"second":1044,"amount":-1},{"first":1068,"second":1046,"amount":-1},{"first":1068,"second":1071,"amount":-2},{"first":1068,"second":1063,"amount":-3},{"first":1068,"second":1057,"amount":-1},{"first":1068,"second":1052,"amount":-1},{"first":1068,"second":1058,"amount":-4},{"first":1041,"second":1091,"amount":-1},{"first":1041,"second":1083,"amount":0},{"first":1041,"second":1059,"amount":-1},{"first":1041,"second":1047,"amount":0},{"first":1041,"second":1061,"amount":-1},{"first":1041,"second":1060,"amount":0},{"first":1041,"second":1040,"amount":-1},{"first":1041,"second":1054,"amount":0},{"first":1041,"second":1071,"amount":0},{"first":1041,"second":1063,"amount":-2},{"first":1041,"second":1057,"amount":0},{"first":1041,"second":1058,"amount":-2},{"first":1070,"second":1083,"amount":-2},{"first":1070,"second":1076,"amount":-2},{"first":1070,"second":1084,"amount":0},{"first":1070,"second":1061,"amount":-2},{"first":1070,"second":1040,"amount":-1},{"first":1070,"second":1054,"amount":0},{"first":1070,"second":1051,"amount":-2},{"first":1070,"second":1044,"amount":-2},{"first":1070,"second":1046,"amount":-1},{"first":1070,"second":1063,"amount":-1},{"first":1070,"second":1057,"amount":0},{"first":1070,"second":1058,"amount":-2}]}